"Year","id1","id2","Latitude","Longitude","Elevation","Tmax01","Tmax02","Tmax03","Tmax04","Tmax05","Tmax06","Tmax07","Tmax08","Tmax09","Tmax10","Tmax11","Tmax12","Tmin01","Tmin02","Tmin03","Tmin04","Tmin05","Tmin06","Tmin07","Tmin08","Tmin09","Tmin10","Tmin11","Tmin12","Tave01","Tave02","Tave03","Tave04","Tave05","Tave06","Tave07","Tave08","Tave09","Tave10","Tave11","Tave12","PPT01","PPT02","PPT03","PPT04","PPT05","PPT06","PPT07","PPT08","PPT09","PPT10","PPT11","PPT12","Rad01","Rad02","Rad03","Rad04","Rad05","Rad06","Rad07","Rad08","Rad09","Rad10","Rad11","Rad12","DD_0_01","DD_0_02","DD_0_03","DD_0_04","DD_0_05","DD_0_06","DD_0_07","DD_0_08","DD_0_09","DD_0_10","DD_0_11","DD_0_12","DD5_01","DD5_02","DD5_03","DD5_04","DD5_05","DD5_06","DD5_07","DD5_08","DD5_09","DD5_10","DD5_11","DD5_12","DD_18_01","DD_18_02","DD_18_03","DD_18_04","DD_18_05","DD_18_06","DD_18_07","DD_18_08","DD_18_09","DD_18_10","DD_18_11","DD_18_12","DD18_01","DD18_02","DD18_03","DD18_04","DD18_05","DD18_06","DD18_07","DD18_08","DD18_09","DD18_10","DD18_11","DD18_12","NFFD01","NFFD02","NFFD03","NFFD04","NFFD05","NFFD06","NFFD07","NFFD08","NFFD09","NFFD10","NFFD11","NFFD12","PAS01","PAS02","PAS03","PAS04","PAS05","PAS06","PAS07","PAS08","PAS09","PAS10","PAS11","PAS12","Eref01","Eref02","Eref03","Eref04","Eref05","Eref06","Eref07","Eref08","Eref09","Eref10","Eref11","Eref12","CMD01","CMD02","CMD03","CMD04","CMD05","CMD06","CMD07","CMD08","CMD09","CMD10","CMD11","CMD12","RH01","RH02","RH03","RH04","RH05","RH06","RH07","RH08","RH09","RH10","RH11","RH12","Tmax_wt","Tmax_sp","Tmax_sm","Tmax_at","Tmin_wt","Tmin_sp","Tmin_sm","Tmin_at","Tave_wt","Tave_sp","Tave_sm","Tave_at","PPT_wt","PPT_sp","PPT_sm","PPT_at","Rad_wt","Rad_sp","Rad_sm","Rad_at","DD_0_wt","DD_0_sp","DD_0_sm","DD_0_at","DD5_wt","DD5_sp","DD5_sm","DD5_at","DD_18_wt","DD_18_sp","DD_18_sm","DD_18_at","DD18_wt","DD18_sp","DD18_sm","DD18_at","NFFD_wt","NFFD_sp","NFFD_sm","NFFD_at","PAS_wt","PAS_sp","PAS_sm","PAS_at","Eref_wt","Eref_sp","Eref_sm","Eref_at","CMD_wt","CMD_sp","CMD_sm","CMD_at","RH_wt","RH_sp","RH_sm","RH_at","MAT","MWMT","MCMT","TD","MAP","MSP","AHM","SHM","DD_0","DD5","DD_18","DD18","NFFD","bFFP","eFFP","FFP","PAS","EMT","EXT","MAR","Eref","CMD","RH"
2009.5,"BOP",49724.75,56.3510791602,-120.93886214,789.26,-6.52138888888889,-3.68,0.00211111111111106,8.89627777777778,15.8341111111111,19.5431111111111,21.6386666666667,20.3413888888889,15.2731111111111,7.47427777777778,-2.42994444444444,-7.27711111111111,-15.5696666666667,-14.062,-10.4883888888889,-2.84305555555556,1.8165,5.826,8.09811111111111,6.51722222222222,2.70261111111111,-1.43427777777778,-9.55955555555556,-15.8948888888889,-11.0448333333333,-8.87033333333333,-5.24327777777778,3.02516666666667,8.82533333333333,12.6845555555556,14.8687777777778,13.4291666666667,8.98866666666667,3.02,-5.99427777777778,-11.5855,30.3439703478101,21.8560056606622,30.5085764018423,27.5878354686366,38.2602188740181,75.2470754415931,74.7296576940795,46.6245761018553,39.9503913329573,38.5550386162429,33.4215074570408,31.3120892113449,-4442.94461111111,-4439.65861111111,-4437.64588888889,-4433.18494444444,-4431.4985,-4437.48866666667,-4437.893,-4436.65905555556,-4439.75883333333,-4442.177,-4443.22055555556,-4442.95066666667,342.522656803215,255.448728296246,187.002135432821,25.3238064770106,1.29117732752334,1,1,1,1.55911624949463,24.8286646557603,196.660311092806,360.179914691448,1.10787226216647,1.0003864194476,2.1062446769716,29.8697929472342,128.956366054287,229.072832939399,304.941050449674,261.01868411004,131.071085104755,35.3915181468578,1.67044872301927,1.0035210416943,897.40466185286,747.474035821413,721.521128299976,449.045227558581,283.698000553869,160.097521808772,103.006137271059,143.404917107928,270.586361643675,465.623422292355,718.366212701263,911.704665774724,1,1.00476294124035,1.28446452135632,1.07388585398922,1.39645572791644,4.74617990800363,8.56685924734894,5.31180513763429,2.43115982010945,1.25599094864583,1.44034782846811,1.0221813327173,0.239444444444444,0.191666666666667,1.00166666666667,6.94,19.8444444444444,28.0955555555556,30.8666666666667,29.8638888888889,21.5605555555556,10.7816666666667,1.49333333333333,0.176111111111111,28.3585168581259,20.8334654932254,27.7660347490673,11.1938165346811,2.39402690741049,1.06328577971088,1.0380505927937,1.1291543126163,3.61870659479571,12.2380900939307,27.7147557805131,30.2509753803552,0,0,1.40611111111111,45.3083333333333,88.8294444444444,107.263333333333,112.458888888889,88.8322222222222,48.5866666666667,17.9133333333333,0.00944444444444444,0,1,1,1.01872327644104,18.5037180913815,47.0824425489284,30.9045605452613,30.74051014855,38.4122966763418,12.3304844632256,1.55209390466932,1,1,60.9983333333333,56.8433333333333,58.1361111111111,59.4861111111111,55.8638888888889,57.8822222222222,58.9983333333333,57.7938888888889,60.0044444444444,68.8388888888889,70.1544444444445,61.9061111111111,-5.8925,8.24461111111111,20.5083333333333,6.77244444444444,-15.2752777777778,-3.83788888888889,6.81377777777778,-2.76455555555556,-10.5841111111111,2.20177777777778,13.6587222222222,2.00461111111111,83.7191484599347,97.8844875563456,199.583615437856,113.482738844663,-4441.82644444444,-4434.11055555556,-4437.34727777778,-4441.71783333333,966.684237981711,214.178224525533,1,223.377921783737,1.21169698208678,160.683878710544,795.314885856458,167.856595049587,2564.63237966618,1455.83458781418,406.928782692835,1455.55680542227,1.23701995387586,2.22439327660672,18.718677862678,4.06787701451809,0.843888888888889,27.8483333333333,88.6822222222222,33.8716666666667,79.6666474979639,42.0428455619473,1.81912170018915,43.9440578476393,0,135.558888888889,308.55,66.5011111111111,1,67.3759835355581,110.771477147867,13.0063350801967,59.9055555555556,57.825,58.2338888888889,66.3338888888889,1.84111111111111,14.9315,-13.5238888888889,28.4552222222222,500.524935787002,284.358333333333,24.4105,56.5661666666667,1399.11282645276,1125.93503573343,5883.44394628052,26.1164066221206,151.284444444444,152.595,249.648333333333,97.0705555555556,157.516263831933,-46.009,32.44,-4438.75572222222,510.589444444444,196.1983816915,60.6077777777778
2009.5,"CEI",21694.67,52.8189076313,-124.588936362,1216.17,-2.15444444444444,-0.521888888888889,2.69866666666667,8.06511111111111,13.2702777777778,16.7411666666667,19.7859444444444,19.5161111111111,14.6745555555556,7.97222222222222,0.770333333333333,-3.15955555555556,-10.8160555555556,-11.0327222222222,-8.28183333333333,-3.8775,0.576444444444444,4.18627777777778,6.48916666666667,6.08322222222222,2.63661111111111,-1.9285,-7.16116666666667,-11.5381666666667,-6.48716666666667,-5.77761111111111,-2.79122222222222,2.09366666666667,6.92316666666667,10.4647777777778,13.1375,12.7980555555556,8.65616666666667,3.02144444444444,-3.19538888888889,-7.34877777777778,60.2764186063405,42.6528701395771,36.8937897033361,33.3072292813597,38.3617885309185,47.9639817226558,41.0214674145624,37.9525371820494,51.685521224273,62.9510947846881,68.2582505800104,53.2768555799478,-4442.61938888889,-4437.90216666667,-4438.58355555556,-4433.03977777778,-4432.396,-4433.78405555556,-4434.997,-4437.3925,-4439.92083333333,-4441.101,-4442.58383333333,-4442.58544444444,215.690001245577,179.54274319526,123.675052190084,30.9767575924577,2.82650522870609,1.14776942778247,1.01133781475008,1.00354592690089,1.54093416718613,21.9206587228065,129.392347303974,238.623248646212,1.0058261694849,1.07750294775819,1.87191168836373,13.3072303984268,79.7465961107911,156.035955553981,239.493606575404,231.403474275291,117.064115314593,33.4790111599815,1.80820908391083,1.00115925834279,758.643197475898,660.95760318426,643.994688035327,473.589715350504,337.458640368576,217.947960155316,141.481789995851,154.9559098905,277.074557036519,463.628835959526,634.468714649326,781.559934543176,1,1,1.12712164858651,1.0064775559915,1.09388471413041,2.20391038553908,4.141362034128,4.20782198553985,2.08029044234208,1.0220225482946,1.72424903477879,1.01049256797,1.07611111111111,0.760555555555556,1.78722222222222,5.22277777777778,15.9966666666667,25.2677777777778,29.8272222222222,29.2105555555556,21.2816666666667,9.74111111111111,2.77611111111111,0.742777777777778,46.2371482927634,36.3528445724371,28.4720414371937,14.5911088979852,5.58843511122424,1.68920691739376,1.27812896262382,1.32950815556124,4.60343223358963,13.3468242400563,42.9349417304069,44.751582473534,0,0.112222222222222,6.36611111111111,43.2966666666667,82.08,98.6194444444444,109.928333333333,91.39,52.1605555555556,23.0261111111111,0.901111111111111,0,1,1.0019220552627,1.60012925276547,10.7687390928478,33.7697644729161,41.9819699938507,60.5730533394101,41.4937897096532,8.17560109697671,1.37432726679909,1.00139779876671,1,64.065,57.9144444444444,58.0433333333333,58.2738888888889,58.9755555555556,60.5733333333333,59.385,58.8883333333333,61.695,65.5827777777778,68.2233333333333,64.6488888888889,-1.99994444444444,8.00994444444444,18.6808333333333,7.804,-11.1865555555556,-3.86,5.58566666666667,-2.14905555555556,-6.593,2.07616666666667,12.134,2.82772222222222,158.478580799821,113.308933814669,131.916205856595,188.125941284426,-4441.00994444444,-4434.67305555556,-4435.39177777778,-4441.20277777778,640.255030632373,159.715059558789,1.19166271430068,154.021630701828,1.08940494719359,95.8379256666653,628.359498094325,152.058054778134,2206.93818430306,1456.84999065305,516.143269387329,1377.02719352787,1.26232419848494,1.26213630816145,8.81722300351112,3.70223289177942,2.67,23.0216666666667,84.2194444444444,33.7988888888889,129.888522658654,50.3210218014283,2.81350372394944,62.8311041654084,0.112222222222222,131.732777777778,299.956111111111,76.0927777777778,1.0019220552627,48.100758161404,155.428434892213,8.60911351012237,62.2194444444444,58.4238888888889,59.6177777777778,65.1572222222222,2.62483333333333,13.4542222222222,-8.18288888888889,21.6362777777778,610.494069064238,236.222777777778,23.4808888888889,66.1970555555556,962.19672631895,881.082041563582,5579.64734134103,16.0926238735868,143.741111111111,161.837222222222,251.798888888889,89.96,240.350842388801,-41.981,31.011,-4438.07566666667,507.887222222222,224.126335858651,61.375
2009.5,"COM",13479.1,52.8583774461,-127.549707526,845.6,0.936111111111111,1.65222222222222,3.34583333333333,7.68788888888889,12.1977222222222,15.0287222222222,17.5087777777778,17.5154444444444,13.5944444444444,7.9755,2.57833333333333,-0.0515555555555556,-4.44788888888889,-4.72244444444444,-3.60555555555556,-0.718722222222222,2.96638888888889,5.95933333333333,8.33427777777778,8.65705555555556,6.11288888888889,1.84105555555556,-2.39966666666667,-5.304,-1.75655555555556,-1.53488888888889,-0.130722222222222,3.48444444444444,7.58388888888889,10.4938888888889,12.921,13.0878333333333,9.85377777777778,4.90683333333333,0.0877222222222222,-2.67705555555556,272.795300796661,172.486626351698,187.831138917832,135.774754220289,95.868585711081,84.1135224179106,72.1607151823083,91.899778866699,179.537319045852,276.131862803514,319.955391188471,243.204229298196,-4664.959,-4660.34288888889,-4661.72144444444,-4656.55894444444,-4656.31516666667,-4653.31411111111,-4657.58066666667,-4660.41661111111,-4662.08588888889,-4663.36111111111,-4664.64027777778,-4664.9035,91.8338324322191,79.8841333250724,63.9629072657563,18.3276325909965,2.34574484055369,1.18055115555017,1.02411079479912,1.01009719686659,1.42911503877251,10.1366901511862,54.7129934590817,104.689963323365,3.40471304489983,2.87260173065439,3.76676397382485,18.4546233252063,89.9028339994285,154.160590036135,230.039435106676,235.551411951698,138.758154797086,51.8097297889429,5.26755128765016,2.60968992167146,601.742631228802,531.898481616129,552.754226653346,425.883062600784,313.023261515676,214.304038236159,144.391573402213,141.813875528606,234.163183954832,394.902180905253,525.091180278974,624.777438371933,1,1.01720542670284,1.43903451618052,1.20366925015098,1.27939753343241,2.35051750277654,3.71612656160247,4.75789558229994,3.17096509221234,1.43966109193841,1.83165016543408,1.08228404529166,8.01611111111111,6.63444444444444,8.57388888888889,13.1155555555556,21.8194444444444,26.9416666666667,30.2461111111111,30.2694444444444,26.2122222222222,19.1666666666667,10.7161111111111,6.81611111111111,84.1084382629768,63.7415042012047,69.4940950582443,31.4144634195351,10.0064137202347,2.59634418220022,1.69952080398848,2.15223957935001,9.66300571461437,19.4765248134223,88.4231046633475,85.9515249804786,2.97388888888889,5.48444444444444,14.1933333333333,39.5255555555556,71.1,83.4133333333333,90.2533333333333,74.7572222222222,42.9661111111111,19.7405555555556,4.82166666666667,1.95277777777778,1,1.000775526655,1.02673301826697,1.33384705692612,5.96401823270228,7.82370555246382,16.1899403833949,6.42062669455166,1.19961114672185,1.02381467945633,1,1,78.4538888888889,74.8972222222222,73.5255555555556,70.3577777777778,69.4283333333333,70.7261111111111,70.9961111111111,71.9538888888889,75.51,78.585,80.7777777777778,78.5183333333333,0.836,7.74344444444444,16.6845555555556,8.048,-4.84333333333333,-0.453222222222222,7.64805555555556,1.85144444444444,-2.00494444444444,3.64633333333333,12.1677777777778,4.95027777777778,700.199898638952,439.901483794094,261.555257280471,806.204650862433,-4663.36888888889,-4658.19972222222,-4657.10405555556,-4663.36377777778,278.455012764244,85.445455811474,1.23082197161264,66.2031975197508,5.49528423840471,117.006928038308,621.990306374201,200.441864505453,1760.39932772769,1293.58553704353,503.918235752938,1156.56974742902,1.59535581890699,2.17514877009575,8.82240071766628,6.32003678283912,21.4461111111111,43.5066666666667,87.2744444444444,56.1038888888889,241.086380758035,117.344532546577,5.36942465238999,125.189932901919,10.4133333333333,124.818888888889,248.428333333333,67.5311111111111,1.000775526655,6.45441062892031,33.9966001828323,1.2210177541367,77.2894444444444,71.1088888888889,71.215,78.2955555555556,4.693,13.4136666666667,-3.216,16.6299444444444,2258.59420686994,638.625,7.61016666666667,28.7173333333333,435.933637242164,970.105770064587,4736.02494221592,20.0710259939728,208.386111111111,132.192777777778,280.223333333333,148.046666666667,498.970098355152,-31.559,29.997,-4660.51633333333,451.191666666667,42.3199196608873,74.4883333333333
2009.5,"GED",18028.47,49.3403725069,-124.482872151,454.17,4.36561111111111,5.34627777777778,7.25544444444444,10.9619444444444,15.3937222222222,18.1616111111111,21.7932222222222,21.7638888888889,17.8026666666667,11.7551111111111,6.44494444444444,3.61911111111111,-0.02,-0.426722222222222,0.737055555555556,2.54872222222222,5.83177777777778,8.48711111111111,10.9006666666667,11.1340555555556,8.79222222222222,5.13994444444444,1.58838888888889,-0.6175,2.17183333333333,2.45877777777778,3.99577777777778,6.75416666666667,10.6141111111111,13.3232222222222,16.3463333333333,16.4491666666667,13.2980555555556,8.44738888888889,4.01577777777778,1.50133333333333,271.182547935851,177.39032764635,211.325571721067,121.882186959764,70.3921590687928,52.9738233442212,29.3030135261864,42.0593239505001,100.517087881184,208.683568031042,313.197837548261,273.676965371737,-5387.36088888889,-5382.27777777778,-5386.27116666667,-5379.93677777778,-5379.50955555556,-5375.30127777778,-5376.87977777778,-5381.9695,-5382.37372222222,-5384.82627777778,-5387.08633333333,-5387.15277777778,41.4908759367145,34.7014501881391,23.1296416579325,6.09068574776728,1.23018016104065,1.02391650881789,1,1,1.00348315054798,2.6109580426281,18.9477328696788,45.7187378274305,15.4122518440002,12.7825332985695,21.6853121520119,63.0899277887215,168.259814924333,237.939438624104,345.417430763092,349.633922114274,245.688188413685,120.998349049335,28.1962228501427,10.7966415644497,489.366188832899,426.630167059627,429.742461097961,330.77168571192,224.597932816284,138.379893757202,62.9611486716065,64.9753191210065,146.399862424109,292.023874931865,414.939999815216,504.492312692061,1,1.0003864194476,1.04030521943996,1.17893056371067,2.55383411339533,7.33329721562416,17.3420947133806,20.7358010528785,10.3348166803417,1.14235981040397,1.06486977442088,1,15.335,12.9233333333333,17.2716666666667,20.9827777777778,27.2877777777778,29.1394444444444,30.9516666666667,30.9455555555556,29.0355555555556,26.59,18.675,13.8644444444444,29.9700980998106,23.4698799137212,19.5137104014968,7.59827620445272,2.3878126220396,1.27274430910224,1.0215841801723,1.07131561960501,1.99771244559667,2.69551661652989,30.3185404179433,34.5374147696708,8.305,14.165,29.6244444444444,54.6388888888889,85.4261111111111,98.1788888888889,113.707222222222,96.2683333333333,58.3088888888889,28.8527777777778,11.4355555555556,6.15222222222222,1,1.00100439321185,1.03888050544901,2.48276091348805,19.1226452875222,36.2851421402247,77.2375180919303,51.1864400974022,5.99999522360007,1.08579128684397,1,1,83.9894444444444,79.1283333333333,77.1261111111111,71.7516666666667,69.1977777777778,69.5338888888889,66.705,67.4822222222222,71.505,77.9505555555556,82.8483333333333,84.3783333333333,4.4255,11.2035555555556,20.5714444444444,12.0011666666667,-0.370277777777778,3.03777777777778,10.1738333333333,5.17305555555556,2.02838888888889,7.12138888888889,15.3726111111111,8.58672222222222,716.796691285278,408.50366779043,126.42328137787,627.45486005547,-5385.5395,-5381.90444444444,-5378.04861111111,-5384.76161111111,122.646578425477,29.8038462747727,1.02705140501934,21.7718941246196,35.6284811347342,262.51522966468,935.549990044451,402.469218683476,1422.30147403258,986.371977654858,267.811969611254,854.563267413318,1.01450524755567,2.7946294332267,44.6343126345416,10.9178045583579,42.0083333333333,65.5466666666667,90.8738888888889,74.2983333333333,88.6907088485311,29.0095423971904,1.43166542486347,34.6199081038599,28.6111111111111,169.696666666667,308.142777777778,98.5911111111111,1.00100439321185,21.6178784558867,174.512965486498,6.07621826765884,82.5,72.6822222222222,67.9022222222222,77.4211111111111,8.28105555555556,16.7862222222222,1.28388888888889,15.5018333333333,1901.0463379743,319.263888888889,10.8767222222222,65.1563888888889,174.93768175377,1667.00066587337,3544.40684483199,58.3389005897569,272.740555555556,105.262222222222,303.388888888889,198.122222222222,156.660039342446,-21.49,33.599,-5382.57911111111,605.06,207.972542914285,75.1138888888889
2009.5,"NBM",36503.07,58.6639302995,-129.103512933,1320.41,-6.85483333333333,-5.23744444444444,-2.78788888888889,4.16405555555556,10.0822777777778,13.9092777777778,15.5625555555556,14.3361111111111,9.30805555555555,2.77061111111111,-4.91811111111111,-8.53261111111111,-15.0823888888889,-14.7016666666667,-12.9071111111111,-6.72966666666667,-1.26494444444444,3.06494444444444,5.32911111111111,4.73177777777778,0.995388888888889,-3.65694444444444,-11.3927222222222,-15.569,-10.9693333333333,-9.96855555555556,-7.84772222222222,-1.28433333333333,4.40788888888889,8.48733333333333,10.4438888888889,9.53577777777778,5.15316666666667,-0.442888888888889,-8.15727777777778,-12.0505555555556,59.2479379087404,43.36962056932,38.1984960995942,27.8779973503653,35.4412364419104,61.6433621678103,76.4034096932218,63.677817324568,67.2482904111511,58.0297099971146,61.1662665419654,60.4271746687027,-4442.92416666667,-4440.39022222222,-4437.47366666667,-4431.53188888889,-4428.16011111111,-4430.41188888889,-4437.25805555556,-4438.32927777778,-4440.8255,-4442.11822222222,-4443.16038888889,-4498.75616666667,338.488400934331,282.556794328846,251.643542297829,80.1264617399874,8.4712838793722,1.45579205596189,1.05740920487628,1.06189864128731,5.62809179473677,66.620903672597,250.190050923529,371.739590378382,1.05541611217666,1.0003864194476,1.0275176800325,2.47452655026102,38.9511917598852,105.267594661593,155.857565533813,132.059081233229,48.2391356641244,12.387712867252,1.02030182029116,1.00532757355596,894.379680677704,777.874811496997,801.305727124685,575.247205133916,416.054861337251,276.701238725523,222.291836785143,254.958727781048,381.528517991891,571.388209534573,783.077928136852,925.444258711911,1,1.19818431164846,2.2852616750685,1.76520060619447,1.01156000906602,1.3132034065912,1.49427669089183,1.3362569910284,1.05678770614298,2.78462700466358,2.43563287460307,1.28166128524575,0.344444444444444,0.162777777777778,0.352777777777778,2.11833333333333,10.5411111111111,22.9177777777778,28.7027777777778,27.6327777777778,17.0166666666667,6.14777777777778,0.768333333333333,0.180555555555556,54.9149582235752,42.1059149973144,37.3782695101907,22.401789642973,11.4245989438482,4.27503146183331,3.11952631499718,3.93624451755871,14.4970558345505,35.2060878160844,55.0205149023585,58.2538592045348,0,0,0.0766666666666667,13.3111111111111,63.0261111111111,80.7305555555556,82.5577777777778,62.1516666666667,31.0111111111111,6.00555555555556,0,0,1,1,1.00357293017362,2.69579304224819,15.4772489816856,10.108759258787,9.26728854589739,5.02932532164879,1.20120765990826,1.00991582269504,1,1,64.2861111111111,59.9283333333333,58.475,59.2138888888889,61.6855555555556,64.9088888888889,67.2827777777778,68.9711111111111,71.8222222222222,75.3583333333333,72.0838888888889,68.4055555555556,-6.88766666666667,3.82027777777778,14.6031666666667,2.38666666666667,-15.1568888888889,-6.96866666666667,4.37466666666667,-4.68444444444444,-11.0226111111111,-1.57383333333333,9.48872222222222,-1.14877777777778,168.472891670114,106.732134886974,206.659632996979,191.818358187827,-4497.72583333333,-4432.38905555556,-4435.33255555556,-4442.03633333333,997.542369043389,347.793507790824,1.7211389065297,328.623200537416,1.12843926038017,41.0688607571393,394.303806675103,60.8336393042332,2601.10134770573,1795.85681948875,755.239042960869,1739.44917409607,2.11991689286942,3.60124359523271,2.14794808617206,5.13627433058642,0.908333333333333,13.0966666666667,79.2261111111111,23.9888888888889,160.538825959592,74.7952814799779,10.8627372406598,109.00766741369,0,76.4227777777778,225.442777777778,37.0255555555556,1,18.3744438079484,24.1948435412919,1.21060815238818,64.2038888888889,59.7838888888889,67.05,73.0983333333333,-1.05727777777778,10.5686111111111,-13.4870555555556,24.056,694.383022914069,334.212222222222,14.292,37.2688333333333,1686.99089175875,498.731374233008,6922.59539125386,14.5173902032362,117.280555555556,170.646666666667,240.811666666667,70.1744444444444,353.726721186161,-46.331,27.417,-4493.57466666667,338.891666666667,45.5502692043008,66.0527777777778
2009.5,"SAL",27146.95,59.4468877905,-137.477859977,1310.04,-6.14427777777778,-4.82316666666667,-3.54266666666667,1.49166666666667,6.94888888888889,10.5732777777778,12.1443333333333,11.4371666666667,7.01644444444444,2.03538888888889,-4.26711111111111,-6.6595,-11.7478888888889,-12.1583333333333,-11.0928333333333,-6.79238888888889,-2.34294444444444,2.03594444444444,4.08538888888889,4.139,0.6155,-4.09633333333333,-9.60594444444444,-12.2303333333333,-8.94516666666667,-8.49088888888889,-7.31844444444444,-2.65122222222222,2.30266666666667,6.30505555555556,8.11544444444444,7.78772222222222,3.814,-1.03,-6.93605555555556,-9.44438888888889,504.837688299932,325.425770954104,273.65272552646,125.893115658258,100.373594238696,104.510095113056,136.565013674948,179.010249050994,284.887242247829,458.579930652249,457.408245761007,446.023490280673,-4443.18666666667,-4442.11633333333,-4438.12483333333,-4433.75977777778,-4431.63233333333,-4435.1545,-4438.05161111111,-4437.813,-4440.40244444444,-4442.45827777778,-4443.36005555556,-4499.16088888889,281.531512323248,242.890707389208,234.475271406243,105.449741104278,21.8017519968497,2.72026979630197,1.29802735727465,1.18318287016709,9.2765948248128,74.6500509704489,217.075970092999,294.58070040234,1.02732663020051,1.00200293687032,1.00257286754329,1.20099015377086,20.2133662344221,63.8924651476745,97.9943917860611,90.6175673417728,32.123395879831,10.2010060929958,1.01715301045858,1.00770862711687,833.086435226495,735.946764539459,783.746186773955,614.686118294289,481.621485962846,345.230041241223,300.736310859357,312.660932761356,421.43554214589,587.966911390688,745.436749624453,845.054390254426,1,1.36005329586304,3.29232773889113,2.76913025971262,1.00554770882355,1.03375749456429,1.03571214395387,1.04870243492296,1.01164915724782,4.85294394124838,3.56571424260976,1.679943461202,1.05,0.555,0.849444444444444,2.56333333333333,8.29611111111111,19.8538888888889,26.1616666666667,26.1738888888889,15.8033333333333,6.03388888888889,1.74388888888889,0.695,427.767576160011,303.296403335081,262.204905660509,109.784283553139,52.3685168863238,17.5879837876965,12.732315961112,19.0252963698358,84.5966378083959,288.425629864423,375.295816858782,400.687887703702,0.00111111111111111,0.00722222222222222,0.218888888888889,6.075,45.1111111111111,64.6111111111111,66.4061111111111,49.7761111111111,24.2516666666667,4.095,0.0427777777777778,0,1,1,1,1.05012055338409,4.44522790783671,5.57353658145358,1.99750362729089,1.09107253758582,1.45251657363251,1.0159522516021,1,1,75.4627777777778,68.5133333333333,67.9927777777778,67.2255555555556,66.9261111111111,71.2738888888889,73.2655555555556,75.6866666666667,77.6022222222222,75.9822222222222,77.0016666666667,75.3188888888889,-5.87061111111111,1.63311111111111,11.3851666666667,1.59438888888889,-12.0525555555556,-6.74211111111111,3.41988888888889,-4.3615,-8.963,-2.55561111111111,7.40272222222222,-1.38333333333333,1286.40711925357,505.629373821736,424.956067382354,1216.0081007513,-4498.53583333333,-4434.50533333333,-4437.00611111111,-4442.07266666667,819.896820982498,368.838127890512,3.67826187765535,306.174412524158,1.03948345497415,20.4634429165972,252.898046153995,42.369139784389,2414.43605029757,1880.95832686717,958.801102882346,1755.86161514415,3.58471048044668,6.1363792208966,1.13806936670967,8.5532083748132,2.50666666666667,11.8061111111111,72.2216666666667,23.6316666666667,1142.68295445362,429.708694512992,50.3734834760568,765.030462259793,0.00833333333333333,51.4016666666667,180.772222222222,28.3888888888889,1,4.49477863433073,6.75071447593253,1.46846882523462,73.0933333333333,67.3933333333333,73.4066666666667,76.8683333333333,-1.37416666666667,8.3195,-10.7208888888889,19.0395,3445.17078623792,883.063333333333,2.71683333333333,11.6464444444444,1507.74810521025,317.054061017438,7017.54133401691,18.6764178444886,110.148888888889,171.778888888889,239.591666666667,67.8183333333333,2322.39978186972,-43.365,24.599,-4494.72266666667,260.566666666667,11.142752988372,72.7066666666667
2009.5,"SBI",33826.38,55.489039733,-124.783699772,1117.66,-4.18316666666667,-3.2055,0.347611111111111,6.70461111111111,12.5845,15.9896666666667,17.9632777777778,17.2986666666667,12.3530555555556,5.55227777777778,-2.08411111111111,-5.54,-10.9351111111111,-10.9477222222222,-7.93727777777778,-3.45138888888889,0.447388888888889,3.94688888888889,6.31911111111111,5.55261111111111,2.30255555555556,-1.66833333333333,-6.65783333333333,-11.5878333333333,-7.56138888888889,-7.07688888888889,-3.79572222222222,1.62683333333333,6.51677777777778,9.96744444444444,12.14,11.4258333333333,7.32694444444444,1.94138888888889,-4.37111111111111,-8.56411111111111,66.1992942810492,45.3009372384591,47.1133153325943,41.3601067683006,48.6581680426393,63.8276192963036,61.9475466958655,52.3762667034998,59.6609233441426,73.4044865161959,71.66712073894,61.7803289075828,-4442.85077777778,-4439.28922222222,-4438.05488888889,-4433.3225,-4430.39877777778,-4436.33005555556,-4439.30094444444,-4438.06972222222,-4441.07872222222,-4442.58111111111,-4443.03833333333,-4442.91361111111,244.636720899101,211.380323426636,147.177054308921,35.4589798500776,3.26234726305804,1.12695302275058,1.0011619461026,1.0003864194476,2.42058254102627,31.5344076129887,155.070056130196,272.451537121398,1.01816557355431,1.04178881333169,1.42010717824871,9.16429984266814,71.3172273390791,143.355396381412,208.263472319261,187.583157190329,85.9394908888512,24.4910020376995,1.37576622669655,1.00219283796534,791.668984968139,697.383257349085,675.204421267964,487.806895908171,350.537476287345,233.517669852816,170.598500915511,195.231088478048,316.013528629192,496.452524312556,669.119587918738,818.830460549708,1,1.12274572803801,2.05423746295369,1.30841747307141,1.05929845258961,1.77325088641894,2.56492728020584,2.3397260237258,1.46099902293677,1.83753302300612,2.57465246534521,1.3055476191438,1.08,0.849444444444444,2.07722222222222,5.97388888888889,15.5794444444444,24.9872222222222,29.7711111111111,28.6838888888889,20.4555555555556,10.3694444444444,3.30333333333333,0.747777777777778,54.9426231602095,40.3348270423702,39.4394150820125,20.7525663026169,7.82522610490046,2.38906994032135,1.78067070966085,2.10975670293682,7.37978835299892,22.7824615369089,50.455527300933,55.0312320815419,0,0.0366666666666667,3.35555555555556,33.85,76.6022222222222,92.6027777777778,96.7944444444445,78.0533333333333,41.9583333333333,14.6383333333333,0.251666666666667,0,1,1,1.10037460279914,4.08239594503925,18.5475581371875,18.042327967848,19.7170798467313,15.3275302869343,2.85105731219716,1.05516174649132,1,1,71.0716666666667,67.3866666666667,66.8844444444444,63.6522222222222,60.3644444444444,61.8122222222222,63.6188888888889,63.1527777777778,67.1177777777778,73.9666666666667,80.8138888888889,73.3588888888889,-4.3445,6.54477777777778,17.0833888888889,5.27466666666667,-11.2178333333333,-3.64722222222222,5.27277777777778,-2.00677777777778,-7.78094444444444,1.45061111111111,11.1780555555556,1.63194444444444,176.69532683631,142.179787805643,184.377250645352,210.229368580777,-4441.66122222222,-4433.92638888889,-4437.90061111111,-4442.23361111111,734.660292496653,188.744330711836,1.21572124497819,191.424096492054,1.08690692316604,82.9212734612135,540.292170281156,111.363899196253,2313.17813045097,1515.49975517378,601.305697473975,1483.51895669465,2.58659261668225,3.00521535206201,4.69210152422962,5.49271652237352,2.75777777777778,23.6266666666667,83.4027777777778,34.1327777777778,153.824847384013,71.8421606054919,5.13511806782329,85.0216498551813,0.0366666666666667,113.811111111111,267.452222222222,56.8327777777778,1,23.4012940080615,63.8822507434719,2.89772888945417,70.6005555555556,63.6322222222222,62.8572222222222,73.9766666666667,1.63127777777778,12.3117777777778,-9.66616666666667,21.9765,727.046313210382,312.054444444444,17.3282777777778,46.1311666666667,1123.78519109423,738.422000760666,5933.53819064535,18.7209723672133,143.967222222222,160.653333333333,249.092777777778,88.4405555555556,315.773021803748,-42.78,29.762,-4438.93655555556,438.125555555556,96.644969032042,67.8077777777778
2009.5,"SIM",25754.92,51.1918843288,-118.216839496,1521.89,-3.02977777777778,-1.65777777777778,1.831,6.98666666666667,12.4182777777778,15.5449444444444,20.0279444444444,19.3691111111111,13.626,6.17355555555556,-0.586222222222222,-4.23955555555556,-8.0545,-8.53155555555556,-5.84805555555556,-2.72122222222222,1.15527777777778,4.55844444444444,7.69311111111111,7.28105555555556,3.64544444444444,-0.997611111111111,-5.402,-9.27055555555556,-5.54183333333333,-5.09566666666667,-2.00755555555556,2.13211111111111,6.78672222222222,10.0514444444444,13.8603333333333,13.3246111111111,8.63488888888889,2.58611111111111,-2.99438888888889,-6.75516666666667,109.157322394718,82.0529866416892,97.9265757931599,72.5380112470621,71.1113730861169,94.0327620644104,57.1825781671468,51.3010348477667,73.2157189075563,111.44604218862,126.654938115087,98.1067253024701,-4442.49316666667,-4438.55138888889,-4437.50244444444,-4433.77883333333,-4432.38377777778,-4431.56477777778,-4430.58483333333,-4433.91361111111,-4439.53088888889,-4442.29822222222,-4442.98516666667,-4442.70244444444,187.434784456445,159.134290309381,100.326831234884,29.513366701363,3.25626070589207,1.27044058236533,1.00473725657952,1.00115925834279,1.86117452447893,24.9037227405544,118.694618392154,216.341250712346,1.20130504190735,1.28586469060927,2.41942762761954,13.6383132592721,72.8356848491407,139.83006493605,257.072449125281,241.546816033382,111.534865164601,29.3438692415506,2.24963661746805,1.11972878262843,727.977420806787,639.373916475761,615.871022660574,468.19994064995,336.329836107917,224.028072191826,113.914246050227,132.159598502324,271.332831238678,473.329071384564,625.440347267198,760.81919151578,1,1.00778776309087,1.21174237420587,1.02949961872313,1.20989019340538,2.17548664978975,5.66745474695041,5.29101285842235,2.28621609133142,1.0380285045919,1.6690158133179,1.03369896097684,2.65944444444444,2.03333333333333,4.17611111111111,7.88444444444444,17.4488888888889,25.4233333333333,30.3155555555556,29.8411111111111,23.0394444444444,12.3027777777778,4.98888888888889,1.75,74.7495281579477,63.8065997548522,63.2111797724181,28.4031042354294,9.88858675174422,3.80421176157791,1.5351014092337,1.63146846258045,6.65557896061473,25.6089424535944,75.8076840897119,78.0044712204171,0.167777777777778,0.804444444444444,8.85388888888889,38.4922222222222,78.4405555555556,92.3711111111111,110.392222222222,90.7488888888889,49.8422222222222,18.9783333333333,1.48388888888889,0.0561111111111111,1,1.00919165926268,1.06143097091998,2.89625275457244,9.27394645631137,7.49420016183353,34.7367642214352,23.250097211331,3.71043789829502,1.14141697470039,1,1,78.6227777777778,71.5288888888889,70.0677777777778,65.5466666666667,63.115,65.0166666666667,62.2827777777778,62.8033333333333,67.7538888888889,74.4505555555556,80.2805555555556,78.1511111111111,-3.02266666666667,7.07772222222222,18.3136666666667,6.40433333333333,-8.67261111111111,-2.47155555555556,6.50922222222222,-0.918777777777778,-5.84738888888889,2.30305555555556,12.4120555555556,2.74416666666667,297.753141258529,249.382420400191,210.63649822929,321.037602209995,-4441.231,-4434.55505555556,-4432.02144444444,-4441.60572222222,569.234934426611,135.30432458582,1.31679850951179,147.240394195171,1.50424028883677,90.2117436911536,642.251264004496,143.340239983697,2133.67856075864,1423.08478040232,477.266966434721,1373.93862142879,1.38973989499399,1.53148206003901,10.7785301530221,4.04852042505949,6.39888888888889,29.5144444444444,85.455,40.32,224.537827322747,105.91769829464,5.43077134481113,113.426183460012,1.02833333333333,125.800555555556,293.547222222222,70.2933333333333,1.00919165926268,11.7796204618739,72.2010387591713,3.82062197919233,76.1083333333333,66.25,63.3772222222222,74.1522222222222,2.91583333333333,14.1544444444444,-7.27422222222222,21.4285555555556,1097.49290790253,379.294444444444,13.2414444444444,45.4505555555556,862.244971575996,887.052755523541,5441.44142171992,20.4853076704622,161.755555555556,153.436111111111,258.696666666667,105.28,447.283487858966,-39.012,30.838,-4437.35811111111,490.641666666667,94.5956430722945,69.98
2009.5,"SOI",19773.06,50.1132066719,-120.494795895,1284.35,-1.11316666666667,0.596111111111111,3.99161111111111,9.04055555555555,14.2700555555556,17.3563888888889,22.0636666666667,21.625,16.2132777777778,8.89961111111111,1.48861111111111,-2.21994444444444,-6.91861111111111,-7.10638888888889,-4.4115,-1.54516666666667,2.49661111111111,5.74633333333333,8.79561111111111,8.58022222222222,4.91927777777778,0.216722222222222,-4.26583333333333,-7.88311111111111,-4.01677777777778,-3.25594444444444,-0.210611111111111,3.748,8.38411111111111,11.5510555555556,15.4313888888889,15.104,10.5672222222222,4.55888888888889,-1.38822222222222,-5.05005555555556,65.5750556766997,44.4851342322452,50.9548209409291,35.5834772687239,45.5921003131181,50.2296335249809,28.9645388700709,24.6896513678379,38.0667060805599,59.9440536617073,75.1987839239654,69.9034196518936,-4442.79033333333,-4437.50522222222,-4438.54127777778,-4433.58211111111,-4435.0945,-4434.138,-4429.2645,-4435.19261111111,-4438.84177777778,-4441.17005555556,-4443.59211111111,-4442.84072222222,152.191439441923,121.980882214899,70.5089894803723,17.8119197119899,1.95515762832365,1.10589905922843,1.00116734031707,1,1.19284042269525,12.2645715249813,88.538552078738,173.997903715166,1.44635764337361,1.76365612158957,4.64896142114034,26.610542050404,107.195795347391,180.968093372356,307.130545154942,299.40441451807,163.185833272548,49.8174591524307,3.80389035944019,1.20957906158989,682.145688042566,589.388181334442,561.213827140109,419.721585595765,286.568258027214,178.771768391787,75.3037842344398,86.8516651366813,216.508507016715,412.870623864356,578.511720606851,709.538039687122,1,1,1.00432961502267,1.06448097455826,1.58429229979214,3.61548048714349,11.1477550593876,11.1072726261007,4.11575146178663,1.01458776282624,1.16500344666695,1,3.35111111111111,2.62166666666667,5.63055555555556,10.3105555555556,20.9438888888889,27.055,30.6333333333333,30.4738888888889,25.4177777777778,15.3483333333333,6.22666666666667,2.29111111111111,36.76899457357,30.1720861206639,25.8790074918738,9.52976163923268,4.43268691286378,1.75080872307527,1.07234859449845,1.07668299609991,2.28333244113499,6.81880015316948,35.5796542596118,48.8800117834592,0.259444444444444,1.975,15.4983333333333,50.4844444444444,86.8488888888889,101.145555555556,121.53,101.371666666667,58.4588888888889,26.8455555555556,3.19555555555556,0.105555555555556,1,1.04790149026295,1.87171331913541,13.5643743280409,29.8501228367194,39.41908463521,84.6374006389729,67.6704384327091,17.3220664926639,2.17512951703113,1.00828863055168,1,75.8116666666667,69.0722222222222,68.4588888888889,63.6272222222222,62.1111111111111,63.5572222222222,60.035,60.575,64.2983333333333,70.3166666666667,77.2655555555556,75.8561111111111,-0.958333333333333,9.10055555555556,20.3468888888889,8.86716666666667,-7.35694444444444,-1.15272222222222,7.709,0.289777777777778,-4.15672222222222,3.97511111111111,14.0285555555556,4.57883333333333,182.486881336168,136.467953344338,107.614575612478,178.858745845135,-4440.99594444444,-4435.7405,-4432.86566666667,-4441.20005555556,453.650111965598,90.9772258943812,1.12150140568827,102.267465919538,2.2865470256869,141.452127514873,790.204241963382,217.923049437403,1986.2615327573,1271.25274425718,347.21089416095,1212.27426709201,1.00270493613317,1.62714060280288,23.9185733902242,5.22723919771253,8.155,36.8677777777778,87.9788888888889,47.0133333333333,118.812860902773,39.1421144081363,2.08818351256905,44.9580273863923,2.33833333333333,152.824444444444,324.066111111111,88.4894444444444,1.04790149026295,45.9676135647656,202.608968742477,18.9516772434315,73.5855555555556,64.7327777777778,61.4,70.6411111111111,4.61983333333333,15.8149444444444,-5.54377777777778,21.3561666666667,619.624324004124,204.636666666667,27.3098333333333,94.9395555555556,654.7144002007,1161.90708213226,4865.7916209617,31.016332711227,180.091111111111,144.869444444444,266.658888888889,121.803333333333,209.493916838729,-36.367,32.753,-4437.71205555556,567.718888888889,283.190331388402,67.6083333333333
2009.5,"TAP",55184.54,58.8238181187,-122.273790406,591.34,-11.5298888888889,-6.34116666666667,-2.31061111111111,8.09516666666667,15.7283333333333,20.1017222222222,22.2081111111111,20.5112222222222,14.8385,6.18361111111111,-5.58355555555556,-11.1408333333333,-20.3552777777778,-18.2918888888889,-15.2581666666667,-4.68594444444444,1.97155555555556,7.43872222222222,9.67955555555556,7.67061111111111,2.73988888888889,-2.81644444444444,-13.7585555555556,-19.5169444444444,-15.9425,-12.318,-8.78455555555556,1.70505555555556,8.84866666666667,13.7705,15.9420555555556,14.0913333333333,8.79005555555556,1.682,-9.67166666666667,-15.3287222222222,29.480905638229,22.2413213537186,29.2958514240225,23.5275967999437,46.2249683535505,94.044598519018,91.0880800894098,63.7107662289721,45.9549034512565,30.8656774675144,30.9787789025949,32.0351451204276,-4443.06911111111,-4440.46527777778,-4438.60844444444,-4430.95627777778,-4430.1545,-4436.43533333333,-4437.79961111111,-4437.21805555556,-4440.34861111111,-4442.16822222222,-4443.50555555556,-4443.51433333333,490.804492333036,344.159813572364,279.33351624874,39.3187193307833,1.38024215810541,1,1,1,1.60255149847923,38.695681965108,290.117901401201,472.874146767471,1.24700297904214,1,1.48220056460573,24.0273547406089,129.793207263011,260.411883893745,337.858100653875,280.491523558305,125.503937366083,24.4455701350273,1.57476119376644,1.04830460134879,1047.95940841273,843.461104375513,830.804307310977,488.205439115794,282.742388722657,131.809611704189,75.7411509742588,124.209103246198,276.357482505174,507.439500901707,828.231686254343,1027.63113239519,1,1.000775526655,1.06691093045422,1.02348913434654,1.43932777463345,7.99441820628337,14.5961049670859,7.21912280500784,2.22206215588227,1.10105103063667,1.06954988932942,1.00310212531485,0.0166666666666667,0.00555555555555556,0.143888888888889,4.04111111111111,20.2505555555556,29.1377777777778,30.97,30.4466666666667,21.5572222222222,7.50833333333333,0.224444444444444,0.0155555555555556,29.0995280690108,21.9985760123819,28.757160686006,12.6319297880084,3.04833977016586,1.04688185020795,1.01351003290745,1.13430308813353,3.81990791218935,13.5236227511267,29.2610000093886,31.8059359805932,0,0,0,38.2883333333333,85.1977777777778,104.321666666667,108.673333333333,83.4511111111111,43.5672222222222,13.2616666666667,0,0,1,1,1,17.9413040232905,32.5644525510671,13.6261595275595,15.1025860075842,20.5977087632005,7.06061242045608,1.20204335816714,1,1,60.34,49.9944444444444,48.1566666666667,55.2227777777778,56.56,61.0144444444444,61.9994444444444,60.6566666666667,61.235,67.5944444444444,64.8511111111111,62.1177777777778,-9.74255555555555,7.17138888888889,20.9393888888889,5.14583333333333,-19.4693888888889,-5.99266666666667,8.265,-4.612,-14.6056666666667,0.588222222222222,14.6012777777778,0.268,84.6830578794348,100.971619187583,252.01416870984,109.17085749712,-4442.344,-4433.23966666667,-4437.1515,-4442.00688888889,1316.22622022794,321.176057016384,1,331.064759080607,1.66385041780045,155.14534536834,879.079824141559,151.336423468717,2926.61451253676,1603.98679442888,332.489118915044,1613.60706422409,1.01939448281382,1.67547067661659,29.9759735117126,2.67400357644026,0.0861111111111111,24.505,90.255,29.4688888888889,83.9009288140756,45.4806975211327,1.61415310786606,47.1437303299465,0,123.486111111111,296.436111111111,56.8461111111111,1,52.9370967447279,56.1578225493913,7.40689980011476,57.475,53.3266666666667,61.2144444444444,64.5522222222222,0.233222222222222,15.9503888888889,-17.7201111111111,33.6702777777778,550.690056485707,350.615,19.0002222222222,47.6550555555556,1963.30560082975,1188.94676793758,6482.75166186141,34.7957155679055,144.456111111111,152.573333333333,247.951666666667,95.3722222222222,170.279505061434,-47.348,33.215,-4438.68733333333,476.751111111111,121.269284097713,59.1577777777778
